id,name,address,city,state,postalcode,phone,email,date created,region
ZNWRN-16-0007,Corey Jensen,11412 124th Street Ct E,Everett,Washington,98204,2163314005,chrisss9@yahoo.com,2016-06-11T17:01:46.161Z,Northwest Region
ZNWRN-16-0008,Raj Agraal,4520 SW 320th St,Renton,Washington,98056,2132026652,chucky@chuckie.com,2016-06-11T16:24:35.038Z,Northwest Region
ZNWRN-16-0009,Allison Peets,37204 35th Ave S,Seattle,Washington,98144,3105093359,KCulleyK06@gmail.com,2016-06-12T04:41:25.192Z,Northwest Region
ZNWRN-16-0010,Marc Javier,328 9th Ave SE Unit B3,Federal Way,Washington,98003,4152381985,jhughesjj@comcast.net,2016-06-15T17:01:40.809Z,Northwest Region
ZNWRN-16-0011,Annie Fares,6622 132nd St. E,Puyallup,Washington,98374,2119383241,humberja@yahoo.com,2016-06-11T16:14:36.187Z,Northwest Region
ZNWRN-16-0012,Melissa Gually,2802 96th St SE,Tacoma,Washington,98406,2167787612,hynhung@yahoo.com,2016-06-13T03:42:44.005Z,Northwest Region
ZNWRN-16-0013,Allisa Steinhilberson,11814 8th Street E.,Woodinville,Washington,98072,2132352253,brer9@hotmail.com,2016-06-11T16:56:14.294Z,Northwest Region
ZNWRN-16-0014,Bently Doleel,5820 120th Pl SE,Everett,Washington,98208,4152188417,gjames@aol.com,2016-06-11T16:38:30.851Z,Northwest Region
ZNWRN-16-0015,Bart Truong,23714 51st Ave SE,Bothell,Washington,98012,2138385084,smeghed@frontier.com,2016-06-11T16:27:36.995Z,Northwest Region
ZNWRN-16-0016,Perdy Edetsberger,23203 67th Ave W,Everett,Washington,98204,2138391164,jporter20@hotmail.com,2016-06-24T03:42:10.832Z,Northwest Region
ZNWRN-16-0017,Nick Rhodes,11412 124th Street Ct E,Renton,Washington,98055,5196805511,jjlin@gmail.com,2016-06-11T17:16:40.534Z,Northwest Region
ZNWRN-16-0018,Jim Gross,4520 SW 320th St,Everett,Washington,98028,2132710025,pkuiman@gmail.com,2016-06-11T17:24:46.429Z,Northwest Region
ZNWRN-16-0019,Susan Meighan,37204 35th Ave S,Sammamish,Washington,98074,2162266417,freud9@aol.com,2016-06-11T16:23:15.678Z,Northwest Region
ZNWRN-16-0020,Sally Jesse,9930 29th Ave SE,Everett,Washington,98208,2162266417,drpllavi7@gmail.com,2016-06-11T16:22:45.908Z,Northwest Region
ZNWRN-16-0021,Addidas Shoe,8417 110th Street E,Puyallup,Washington,98373,2132789880,psfeema@gmail.com,2016-06-11T17:59:10.398Z,Northwest Region
